<application>
  <component name="AppStorage">
    <histories>
      <item value="Occurred at line 1 column 1" />
      <item value="Marking this application unavailable due to previous error(s)" />
      <item value="Error getConfigured" />
      <item value="Context [] startup failed due to previous errors" />
      <item value="Some problems were encountered while building the effective model for com.lf:springmvc:war:1.0-SNAPSHOT The expression {pom.artifactId} is deprecated. Please use {project.artifactId} instead. The expression {pom.version} is deprecated. Please use {project.version} instead. It is highly recommended to fix these problems because they threaten the stability of your build. For this reason, future Maven versions might no longer support building such malformed projects." />
      <item value="Some problems were encountered while building the effective model for com.lf:springmvc:war:1.0-SNAPSHOT" />
      <item value="Process terminated" />
      <item value="Using platform encoding (UTF-8 actually) to copy filtered resources, i.e. build is platform dependent!" />
      <item value="Properties" />
    </histories>
  </component>
  <component name="Cache">
    <option name="lastTrimTime" value="1661507095445" />
  </component>
</application>